{
    "department":{
        "NI-BO":"Boaco",
        "NI-CA":"Carazo",
        "NI-CI":"Chinandega",
        "NI-CO":"Chontales",
        "NI-ES":"Estel\u00ed",
        "NI-GR":"Granada",
        "NI-JI":"Jinotega",
        "NI-LE":"Le\u00f3n",
        "NI-MD":"Madriz",
        "NI-MN":"Managua",
        "NI-MS":"Masaya",
        "NI-MT":"Matagalpa",
        "NI-NS":"Nueva Segovia",
        "NI-SJ":"R\u00edo San Juan",
        "NI-RI":"Rivas",
        "NI-AN":"Atl\u00e1ntico Norte",
        "NI-AS":"Atl\u00e1ntico Sur"
    }
}