{
    "province":{
        "Province":{
            "VN-44":"An Giang",
            "VN-43":"Ba Ria-Vung Tau",
            "VN-54":"Bac Giang",
            "VN-53":"Bac Kan",
            "VN-55":"Bac Lieu",
            "VN-56":"Bac Ninh",
            "VN-50":"Ben Tre",
            "VN-31":"Binh Dinh",
            "VN-57":"Binh Duong",
            "VN-58":"Binh Phuoc",
            "VN-40":"Binh Thuan",
            "VN-59":"Ca Mau",
            "VN-04":"Cao Bang",
            "VN-33":"Dac Lac",
            "VN-72":"Dak Nong",
            "VN-71":"Dien Bien",
            "VN-39":"Dong Nai",
            "VN-45":"Dong Thap",
            "VN-30":"Gia Lai",
            "VN-03":"Ha Giang",
            "VN-63":"Ha Nam",
            "VN-15":"Ha Tay",
            "VN-23":"Ha Tinh",
            "VN-61":"Hai Duong",
            "VN-73":"Hau Giang",
            "VN-14":"Hoa Binh",
            "VN-66":"Hung Yen",
            "VN-34":"Khanh Hoa",
            "VN-47":"Kien Giang",
            "VN-28":"Kon Tum",
            "VN-01":"Lai Chau",
            "VN-35":"Lam Dong",
            "VN-09":"Lang Son",
            "VN-02":"Lao Cai",
            "VN-41":"Long An",
            "VN-67":"Nam Dinh",
            "VN-22":"Nghe An",
            "VN-18":"Ninh Binh",
            "VN-36":"Ninh Thuan",
            "VN-68":"Phu Tho",
            "VN-32":"Phu Yen",
            "VN-24":"Quang Binh",
            "VN-27":"Quang Nam",
            "VN-29":"Quang Ngai",
            "VN-13":"Quang Ninh",
            "VN-25":"Quang Tri",
            "VN-52":"Soc Trang",
            "VN-05":"Son La",
            "VN-37":"Tay Ninh",
            "VN-20":"Thai Binh",
            "VN-69":"Thai Nguyen",
            "VN-21":"Thanh Hoa",
            "VN-26":"Thua Thien-Hue",
            "VN-46":"Tien Giang",
            "VN-51":"Tra Vinh",
            "VN-07":"Tuyen Quang",
            "VN-49":"Vinh Long",
            "VN-70":"Vinh Phuc",
            "VN-06":"Yen Bai"
        },
        "Municipality":{
            "VN-CT":"Can Tho",
            "VN-DN":"Da Nang",
            "VN-HN":"Ha Noi",
            "VN-HP":"Hai Phong",
            "VN-SG":"Ho Chi Minh (Sai Gon)"
        }
    }
}